   	         	                          fitness                          	              size              
   	         	-----------------------------------------------------------	--------------------------------
gen	time     	avg        	max        	min       	std        	avg    	max	min	std     
0  	0.0907865	1.48804e+06	4.47276e+08	1.15965   	2.57376e+07	1.69435	4  	1  	0.691381
1  	0.0843849	374706     	1.12944e+08	1.1169    	6.4884e+06 	1.71192	5  	1  	0.699898
2  	0.0867114	203911     	2.6965e+07 	1.1169    	2.21968e+06	1.82838	5  	1  	0.818668
3  	0.0871997	372114     	1.12945e+08	1.1169    	6.46712e+06	1.85526	6  	1  	0.857689
4  	0.0873101	93810.7    	2.82705e+07	1.1169    	1.61605e+06	1.81967	6  	1  	0.859054
5  	0.0874305	553.71     	60221.9    	1.1169    	3907.07    	1.8366 	6  	1  	0.966481
6  	0.0873318	751634     	1.12975e+08	1.1169    	7.15025e+06	1.78176	5  	1  	0.96583 
7  	0.0892799	94343.6    	2.88935e+07	1.1169    	1.64366e+06	1.91558	6  	1  	1.10166 
8  	0.090884 	557555     	1.13006e+08	1.1169    	6.83372e+06	1.98706	6  	1  	1.20133 
9  	0.0897233	480.138    	33501.7    	1.1169    	2802.31    	1.97742	6  	1  	1.09962 
10 	0.0940349	272002     	2.95148e+07	1.1169    	2.66116e+06	2.29904	7  	1  	1.26439 
11 	0.0978563	91115      	2.8286e+07 	1.1169    	1.59879e+06	2.59615	7  	1  	1.31451 
12 	0.100165 	108949     	2.82168e+07	1.1169    	1.62443e+06	2.79553	8  	1  	1.3339  
13 	0.103269 	90166.1    	2.82339e+07	1.1169    	1.59078e+06	2.97452	9  	1  	1.39357 
14 	0.104712 	915.605    	75094.4    	1.1169    	6717.43    	3.10159	9  	1  	1.38099 
15 	0.104885 	89906      	2.82339e+07	1.1169    	1.58574e+06	3.12975	8  	1  	1.33084 
16 	0.10693  	178226     	2.82168e+07	1.1169    	2.23417e+06	3.16088	8  	1  	1.34422 
17 	0.106962 	89024.2    	2.82339e+07	1.1169    	1.58077e+06	3.20755	8  	1  	1.36707 
18 	0.106881 	89783.2    	2.82479e+07	1.1169    	1.57915e+06	3.16928	9  	1  	1.33539 
19 	0.106814 	176612     	2.82168e+07	1.1169    	2.22292e+06	3.12188	7  	1  	1.25281 
20 	0.107635 	5.83097e+08	1.87146e+11	0.978245  	1.04292e+10	3.10592	8  	1  	1.30467 
21 	0.106875 	106431     	3.41481e+07	0.853397  	1.90002e+06	3.03727	10 	1  	1.32996 
22 	0.10663  	1.67984e+06	4.51931e+08	0.853397  	2.52342e+07	3.03406	7  	1  	1.32214 
23 	0.112795 	270.947    	26624.7    	0.829227  	1862.23    	3.1142 	7  	1  	1.33654 
24 	0.111072 	85796.3    	2.7581e+07 	0.642652  	1.52754e+06	3.18154	7  	1  	1.35679 
25 	0.111029 	1349.68    	329779     	0.642652  	18294.1    	3.36503	8  	1  	1.40285 
26 	0.114416 	84061      	2.7329e+07 	0.638479  	1.50896e+06	3.50765	8  	1  	1.55208 
27 	0.120301 	345211     	1.12975e+08	0.465589  	6.22846e+06	3.79573	9  	1  	1.71019 
28 	0.122265 	104627     	3.41481e+07	0.465589  	1.87974e+06	3.82371	12 	1  	1.88562 
29 	0.130279 	335288     	1.1043e+08 	0.426732  	6.06969e+06	4.20303	12 	1  	2.12018 
30 	0.133669 	22151.3    	7.07531e+06	0.421209  	388273     	4.44411	14 	1  	2.27804 
31 	0.149252 	1291.5     	59393.8    	0.421209  	4486.08    	4.92169	16 	1  	2.43467 
32 	0.15508  	3.54373e+09	1.18001e+12	0.375919  	6.45668e+10	5.38739	16 	1  	2.63781 
33 	0.161651 	687433     	1.65545e+08	0.302859  	9.34668e+06	5.80539	19 	1  	2.8063  
34 	0.161206 	8.69093e+06	2.90948e+09	0.375919  	1.58724e+08	5.77313	18 	1  	2.911   
35 	0.166521 	5.0098e+06 	1.65454e+09	0.321986  	9.01367e+07	5.91667	16 	1  	3.05684 
36 	0.170702 	3.06139e+06	8.83658e+08	0.300192  	4.84731e+07	6.03561	15 	1  	3.15268 
37 	0.168502 	339697     	1.12975e+08	0.277456  	6.13617e+06	5.86982	16 	1  	3.20423 
38 	0.176883 	708878     	2.01672e+08	0.277456  	1.10509e+07	6.33628	20 	1  	3.50628 
39 	0.193412 	281170     	7.78747e+07	0.277456  	4.3024e+06 	6.84412	21 	1  	3.79269 
40 	0.204529 	703565     	2.13756e+08	0.277456  	1.16375e+07	7.31378	21 	1  	4.02537 
41 	0.216403 	2.18552e+06	5.22213e+08	0.277456  	2.91743e+07	7.66082	20 	1  	4.1382  
42 	0.227215 	2.97939e+06	6.47095e+08	0.277456  	4.02555e+07	7.92128	19 	1  	4.2126  
43 	0.245748 	515273     	1.68647e+08	0.23083   	9.08633e+06	8.66279	17 	1  	4.13609 
44 	0.254844 	1.22594e+09	3.53612e+11	0.23083   	1.93612e+10	9.08406	26 	1  	4.58244 
45 	0.279779 	92269.4    	2.82168e+07	0.23083   	1.51986e+06	9.72543	25 	1  	4.88093 
46 	0.307069 	3.11057e+06	7.58485e+08	0.23083   	4.25435e+07	10.562 	25 	1  	4.87758 
47 	0.332734 	1.19207e+09	4.14674e+11	0.23083   	2.21969e+10	11.4713	26 	1  	5.06983 
48 	0.351065 	291502     	1.01225e+08	0.215273  	5.41058e+06	12.2034	31 	1  	5.11545 
49 	0.364202 	1.61981e+08	5.65884e+10	0.209467  	3.02044e+09	12.88  	34 	1  	5.34602 
50 	0.399897 	690587     	2.13264e+08	0.209467  	1.14621e+07	14.1624	38 	1  	5.80641 
51 	0.43038  	245882     	4.18246e+07	0.146248  	2.98587e+06	15.6705	44 	1  	6.19195 
52 	0.458226 	1.07707e+07	3.80147e+09	0.146248  	2.02045e+08	16.9717	51 	1  	7.85198 
53 	0.496818 	148626     	5.0779e+07 	0.146248  	2.6956e+06 	18.6836	51 	1  	8.67273 
54 	0.527804 	17389.5    	5.09637e+06	0.146248  	272157     	19.4169	51 	1  	9.42491 
55 	0.564469 	118543     	4.11291e+07	0.146248  	2.17681e+06	20.2528	51 	1  	9.12664 
56 	0.634705 	4969.69    	1.30467e+06	0.146248  	69224.8    	21.6639	51 	1  	10.4672 
57 	0.715079 	7845.49    	1.92817e+06	0.143013  	105243     	23.9972	59 	1  	11.0927 
58 	0.792364 	304974     	5.84022e+07	0.0965188 	3.98243e+06	25.2312	61 	1  	10.6583 
59 	0.829402 	3.28929e+06	1.18397e+09	0.107219  	6.23139e+07	25.9444	55 	1  	10.1304 
60 	0.917806 	600318     	2.16416e+08	0.107219  	1.13745e+07	27.964 	68 	1  	10.7227 
61 	1.05597  	41621.2    	1.44552e+07	0.10888   	758819     	30.9613	66 	2  	11.4213 
62 	1.19169  	501.112    	32057.8    	0.0876355 	3055.27    	33.4683	68 	1  	11.5599 
63 	1.2706   	453.165    	69884.5    	0.0876355 	4280.68    	34.2363	65 	4  	10.1716 
64 	1.38307  	12294.6    	3.65704e+06	0.0876355 	192501     	35.4192	65 	1  	10.6028 
65 	1.50689  	294.288    	73234.1    	0.0641698 	3871.67    	36.6366	66 	1  	9.91916 
66 	1.53519  	8553.14    	2.89372e+06	0.0641698 	150901     	36.6594	66 	1  	9.06207 
67 	1.62218  	16456.3    	4.62315e+06	0.0641698 	249126     	36.4022	67 	1  	8.52784 
68 	1.71177  	176236     	6.17874e+07	0.0330642 	3.21563e+06	36.7209	68 	2  	8.84008 
69 	1.81304  	21746.6    	7.87234e+06	0.0330642 	408704     	37.5108	68 	1  	8.93285 
70 	1.87178  	54700.2    	1.92777e+07	0.0330642 	999801     	38.4798	67 	12 	8.4647  
71 	1.93649  	60717.3    	1.7608e+07 	0.0291487 	940730     	38.0215	67 	1  	8.54335 
72 	2.01732  	1.16504e+07	4.2738e+09 	0.0291487 	2.21013e+08	38.3351	65 	9  	7.79584 
73 	2.03181  	2.27461e+13	8.50705e+15	0.0276167 	4.393e+14  	39.2861	65 	2  	8.17692 
74 	2.01426  	1.16848e+06	4.33508e+08	0.0250744 	2.2357e+07 	39.1707	64 	2  	9.4289  
75 	1.99008  	2.88283e+06	9.86524e+08	0.0223433 	5.09179e+07	39.4707	64 	9  	8.59764 
76 	2.01514  	1.0654e+09 	4.01635e+11	0.0223433 	2.06578e+10	38.9602	64 	2  	9.77525 
77 	2.04085  	1.39897e+09	5.28764e+11	0.020958  	2.71607e+10	39.1058	66 	7  	9.35595 
78 	1.86247  	169689     	6.351e+07  	0.020958  	3.25801e+06	37.2164	65 	3  	9.25942 
79 	1.8517   	536273     	8.76576e+07	0.0208501 	6.04739e+06	37.0763	65 	9  	8.54566 
80 	1.81599  	3.52399e+08	1.34233e+11	0.0208501 	6.86793e+09	37.189 	67 	9  	9.33123 
81 	1.7453   	1.22741e+06	3.93437e+08	0.0208501 	2.03255e+07	36.3482	67 	1  	9.12976 
82 	1.78217  	8.4916e+08 	2.64221e+11	0.0208123 	1.383e+10  	36.9347	64 	9  	9.52465 
83 	1.79439  	803424     	1.32671e+08	0.0203083 	8.42347e+06	37.1276	68 	1  	11.0485 
84 	1.79982  	8.51013e+09	3.27629e+12	0.0194472 	1.66758e+11	37.3091	65 	3  	10.5715 
85 	1.83643  	658776     	2.54051e+08	0.0194472 	1.29141e+07	37.6399	65 	9  	11.2819 
86 	1.93832  	1.14113e+10	4.41611e+12	0.0194472 	2.24193e+11	38.8269	68 	1  	12.1052 
87 	1.97574  	121521     	4.62074e+07	0.0187427 	2.34286e+06	39.567 	68 	3  	12.2841 
88 	1.92299  	56808.1    	2.18198e+07	0.0176128 	1.10486e+06	38.6864	68 	2  	11.5507 
89 	1.90754  	2624.43    	724149     	0.0176128 	36957.5    	38.5205	68 	6  	11.572  
90 	1.93671  	429275     	1.67128e+08	0.0176128 	8.4412e+06 	38.4706	68 	2  	11.3023 
91 	1.97132  	4.24499e+07	1.62418e+10	0.0168766 	8.19477e+08	38.6786	68 	1  	10.8392 
92 	2.08665  	1805.78    	605032     	0.0168766 	30497.6    	39.6641	68 	1  	11.3908 
93 	2.2007   	50763.7    	1.98392e+07	0.0168766 	998202     	40.7462	68 	1  	11.8981 
94 	2.26153  	168506     	4.93002e+07	0.0163026 	2.5756e+06 	40.2481	68 	1  	11.0401 
95 	2.44203  	152029     	3.65705e+07	0.0161557 	2.02556e+06	42.1692	68 	9  	11.4915 
96 	2.45867  	329248     	1.11957e+08	0.0161557 	5.64767e+06	41.6499	68 	9  	11.6613 
97 	2.46092  	832071     	2.68756e+08	0.0161557 	1.37951e+07	41.0704	67 	9  	11.8619 
98 	2.46329  	1.02273e+06	4.07835e+08	0.0151119 	2.03917e+07	41.3409	67 	1  	12.464  
99 	2.38999  	4.31769e+07	1.67223e+10	0.0149585 	8.35182e+08	40.38  	67 	9  	11.6936 
100	2.46853  	252341     	5.0274e+07 	0.0149585 	3.50958e+06	41.1272	68 	9  	11.5522 
101	2.44356  	470.443    	57268.9    	0.0141813 	3724.95    	41.6294	68 	1  	11.053  
102	2.43548  	1.42584e+13	5.74564e+15	0.0141813 	2.85855e+14	41.9082	68 	3  	11.0852 
103	2.50579  	1.50428e+06	4.33036e+08	0.0141813 	2.30624e+07	42.755 	68 	9  	10.544  
104	2.55092  	461039     	1.83003e+08	0.0141813 	9.08291e+06	44.6025	68 	3  	11.0593 
105	2.52404  	140372     	2.97849e+07	0.0141813 	1.8043e+06 	44.2611	68 	20 	11.7136 
106	2.45804  	6.03483e+06	1.10624e+09	0.0141813 	7.74128e+07	43.5086	68 	5  	11.8846 
107	2.5576   	267652     	1.05054e+08	0.0116684 	5.1977e+06 	44.8064	66 	2  	11.3399 
108	2.50418  	8.86319e+09	3.62503e+12	0.0116684 	1.79027e+11	43.78  	67 	1  	11.4636 
109	2.56352  	1.66853e+09	6.84096e+11	0.0116684 	3.37439e+10	44.3463	67 	4  	10.0259 
110	2.61257  	125405     	4.76961e+07	0.0116684 	2.35616e+06	45.5182	67 	9  	9.28969 
111	2.63194  	1.6291e+10 	6.71158e+12	0.0116684 	3.30254e+11	44.8495	67 	3  	9.94337 
112	2.71339  	1.00187e+08	4.13131e+10	0.0115805 	2.03042e+09	46.2542	67 	9  	9.11247 
113	2.92002  	3431.34    	1.1898e+06 	0.0115805 	58484.9    	47.0894	67 	20 	8.81666 
114	3.13931  	42593.7    	1.75706e+07	0.0115805 	861456     	47.1639	67 	2  	9.24823 
115	3.46474  	2.38497e+13	9.92149e+15	0.0101969 	4.85856e+14	48.4471	67 	1  	8.6111  
116	3.86428  	917.661    	136138     	0.0101969 	8872.84    	50.7962	67 	9  	7.17304 
117	4.0305   	58288.5    	1.21684e+07	0.0101969 	812618     	50.7799	67 	4  	7.24911 
118	4.05377  	1.77618e+09	7.44209e+11	0.0101969 	3.63136e+10	50.6587	68 	9  	7.23657 
119	3.95113  	258817     	1.0195e+08 	0.0101969 	4.97703e+06	50.1238	68 	2  	8.25307 
120	3.95011  	1.39248e+10	3.55065e+12	0.0101969 	2.06022e+11	50.8527	68 	2  	7.7767  
121	4.05427  	209.226    	32997.1    	0.0101969 	1807.84    	50.6185	68 	9  	7.75202 
122	4.32268  	2236.48    	711702     	0.0101969 	34806.9    	50.9953	68 	14 	7.64922 
123	4.45008  	693.394    	160825     	0.0101476 	8140.38    	51.1061	68 	2  	7.51449 
124	4.13263  	2.17732e+07	9.24737e+09	0.010125  	4.48035e+08	51.4   	68 	9  	6.58912 
125	3.9473   	258704     	1.09453e+08	0.010125  	5.29673e+06	51.162 	68 	3  	8.50653 
126	3.9616   	60658      	2.56327e+07	0.010125  	1.23898e+06	51.0164	68 	3  	8.68319 
127	3.94362  	782457     	2.47611e+08	0.010125  	1.23813e+07	51.4463	68 	9  	8.08046 
128	3.8643   	305569     	6.90394e+07	0.00996684	4.46595e+06	51.2331	68 	2  	8.42583 
129	3.70819  	5.01921e+08	2.15815e+11	0.00996684	1.03954e+10	49.7744	68 	9  	9.04165 
130	3.76931  	2.9602e+08 	1.27584e+11	0.00980809	6.13839e+09	49.5267	68 	1  	8.54895 
131	3.76919  	8549.36    	2.85269e+06	0.00980809	142012     	49.4514	68 	1  	8.18973 
132	3.82636  	6.46751e+06	2.50763e+09	0.00980809	1.21148e+08	49     	68 	1  	8.30815 
133	3.94384  	2.51204e+06	1.08076e+09	0.00980809	5.18193e+07	50.5991	68 	9  	7.898   
134	3.85977  	1.71761e+06	7.46697e+08	0.00942258	3.57602e+07	50.7425	68 	2  	8.43435 
135	3.79381  	75320      	1.76e+07   	0.00942258	1.04368e+06	51.0023	68 	9  	8.67732 
136	3.60765  	1383.11    	327952     	0.00926747	17344.6    	50.3661	68 	12 	8.30117 
137	3.43447  	550.663    	51100.7    	0.00926747	4038.62    	49.0662	68 	5  	9.18917 
138	3.3046   	9.94211e+07	4.36167e+10	0.00926747	2.07934e+09	48.1025	68 	8  	7.98381 
139	3.39821  	127934     	5.58874e+07	0.00926747	2.66126e+06	48.8955	68 	3  	8.23728 
140	3.46833  	15203.1    	3.90095e+06	0.00926747	194410     	48.932 	68 	1  	9.09062 
141	3.34293  	18519.5    	6.2067e+06 	0.00926747	307275     	47.8235	68 	9  	8.79534 
142	3.37078  	774942     	2.70156e+08	0.00926747	1.3071e+07 	47.8194	68 	1  	8.00558 
143	3.26678  	1.77876e+08	7.89556e+10	0.00926747	3.74284e+09	47.3446	68 	3  	7.96364 
144	3.23537  	1.15703e+10	5.14852e+12	0.00926747	2.43789e+11	47.1169	67 	2  	8.76227 
145	3.21954  	2.8159e+06 	1.22176e+09	0.00923039	5.77966e+07	47.4484	68 	9  	8.53459 
146	3.27464  	1.22317e+07	5.46551e+09	0.00912766	2.5822e+08 	48.1879	68 	1  	7.71242 
147	3.3829   	2.85858e+06	1.27056e+09	0.00911628	5.99618e+07	48.5848	67 	9  	7.15529 
148	3.44005  	12873.3    	3.0522e+06 	0.00911628	165803     	48.3742	67 	21 	7.5884  
149	3.49451  	4.55861e+06	1.99985e+09	0.00909726	9.41926e+07	48.1889	67 	9  	8.31638 
150	3.66721  	22564.1    	9.92041e+06	0.00909726	466606     	48.6807	66 	23 	7.11016 
151	3.79522  	828.822    	168516     	0.00901655	8633.71    	47.5642	66 	1  	7.23027 
152	3.82999  	13590.5    	3.38991e+06	0.00864815	184330     	46.7506	68 	6  	7.04367 
153	4.0608   	770790     	2.81815e+08	0.00864815	1.35783e+07	46.7885	68 	1  	6.51188 
154	4.03564  	202651     	4.27472e+07	0.00860262	2.57167e+06	46.6176	68 	3  	6.27667 
155	3.98421  	282313     	1.26801e+08	0.00860262	5.93157e+06	46.4079	68 	12 	5.77619 
156	3.97515  	2.49296e+06	1.01535e+09	0.00860262	4.77278e+07	46.4748	68 	9  	6.45333 
157	4.07044  	8.54565e+09	3.91331e+12	0.00860262	1.82657e+11	46.845 	68 	9  	6.60091 
158	4.21169  	7.95902e+09	3.64597e+12	0.00841608	1.69993e+11	47.2745	68 	9  	7.36704 
159	4.26085  	1.27532e+06	5.8654e+08 	0.00841608	2.73178e+07	47.3761	68 	9  	7.45945 
160	4.56579  	7.90972e+09	3.64597e+12	0.00837072	1.69625e+11	48.974 	68 	1  	8.60934 
161	4.79599  	2.06614e+07	7.49883e+09	0.00841608	3.60118e+08	49.9654	68 	11 	7.76765 
162	5.1776   	104974     	4.29543e+07	0.00841608	2.0008e+06 	51.2376	68 	4  	8.15983 
163	5.518    	2.43636e+08	1.12938e+11	0.00841608	5.23737e+09	51.8728	68 	2  	9.04842 
164	5.71166  	3.63976e+06	1.65702e+09	0.00841608	7.6772e+07 	51.9763	68 	4  	8.07741 
165	5.69013  	2.35432e+08	1.09681e+11	0.00840283	5.07543e+09	50.9914	68 	35 	7.31656 
166	5.69483  	4.45117e+08	2.07859e+11	0.00840283	9.60825e+09	49.8073	68 	9  	7.40661 
167	5.74339  	1.99006e+08	9.31063e+10	0.00836758	4.29924e+09	49.9017	68 	1  	8.03564 
168	5.78977  	3.19532e+08	1.00752e+11	0.00836758	5.16564e+09	49.936 	68 	9  	7.37657 
169	5.99753  	4661.99    	1.93749e+06	0.00836758	89602.8    	50.3426	68 	32 	6.85563 
170	6.06429  	6.71562e+11	1.5979e+14 	0.00836758	1.02811e+13	50.2484	68 	2  	7.19665 
171	5.92116  	2940.39    	1.12791e+06	0.00831481	52172.2    	49.9407	68 	9  	6.94688 
172	5.89375  	2.09492e+08	6.0651e+10 	0.00831481	3.27845e+09	50.3636	68 	1  	7.31985 
173	5.86252  	463.484    	122228     	0.00830323	5999.67    	50.7869	68 	9  	6.13138 
174	6.05235  	109107     	4.94612e+07	0.00823211	2.26914e+06	51.8547	68 	9  	5.60169 
175	6.07941  	2.30456e+08	1.09696e+11	0.00823211	5.02263e+09	52.6534	68 	5  	5.73245 
176	6.12618  	6.99832e+09	3.19177e+12	0.00823211	1.46053e+11	52.8574	68 	9  	5.13064 
177	6.04941  	2.61101e+08	1.24782e+11	0.00819741	5.70144e+09	52.7218	68 	30 	5.30572 
178	6.26477  	3.318e+08  	1.27889e+11	0.00819741	6.00391e+09	53.215 	68 	2  	7.19587 
179	6.55148  	2.68288e+08	1.27888e+11	0.00819741	5.83121e+09	54.2896	68 	9  	7.42416 
180	7.03778  	2.30629e+08	1.1078e+11 	0.00819741	5.04586e+09	54.7297	68 	1  	7.80517 
181	7.45103  	55184.6    	2.63541e+07	0.00814538	1.19914e+06	54.0747	68 	9  	5.77254 
182	7.52731  	551982     	1.25973e+08	0.00814538	7.98158e+06	53.0787	68 	2  	5.15937 
183	7.62083  	250906     	1.21147e+08	0.00811803	5.50095e+06	53.186 	68 	6  	4.23515 
184	7.6847   	26119.8    	1.25251e+07	0.00811803	568141     	53.2639	68 	4  	4.53764 
185	7.66463  	1.90674e+07	9.24516e+09	0.00799897	4.18936e+08	53.1379	68 	6  	5.0678  
186	7.64283  	799428     	1.30918e+08	0.00799897	1.01397e+07	53.4825	68 	2  	5.91549 
187	7.21165  	292136     	1.30916e+08	0.0079202 	5.94185e+06	52.791 	68 	9  	6.22704 
188	6.88892  	525548     	1.30919e+08	0.0079202 	8.19898e+06	51.9284	68 	9  	6.92503 
189	6.85511  	320571     	1.46448e+08	0.00791962	6.61841e+06	51.7837	68 	9  	6.38798 
190	6.94652  	197134     	9.65918e+07	0.00791962	4.35467e+06	51.9124	68 	3  	5.25195 
191	7.02092  	387512     	1.46479e+08	0.00783189	6.87351e+06	52.3252	68 	9  	5.49981 
192	7.21638  	1.90394e+11	9.3864e+13 	0.00783189	4.22313e+12	53.0791	68 	39 	4.32642 
193	7.13811  	245649     	1.21164e+08	0.00777555	5.44589e+06	53.1498	68 	1  	5.48958 
194	7.18723  	2.46951e+06	1.09126e+09	0.00777555	4.93384e+07	53.0848	68 	2  	5.755   
195	7.0917   	1.35104e+06	5.43898e+08	0.00772857	2.50317e+07	53.0262	68 	9  	5.79221 
196	7.20091  	200.862    	55540.9    	0.00772857	2758.58    	53.4487	68 	1  	5.81764 
197	7.3196   	506342     	1.30924e+08	0.00772857	7.97617e+06	54.1647	68 	39 	5.07623 
198	7.23312  	3.28815e+08	1.64067e+11	0.00760698	7.33728e+09	53.7715	68 	2  	5.8189  
199	7.20922  	307500     	1.24372e+08	0.00760698	5.70553e+06	53.332 	68 	1  	6.15449 
200	7.33115  	1.86719e+06	8.2663e+08 	0.00757229	3.71996e+07	53.7884	68 	9  	5.22537 
201	7.51521  	5.30886e+06	2.60923e+09	0.00757229	1.16357e+08	53.745 	68 	1  	5.95022 
202	7.61025  	632.897    	62932      	0.00755368	5109.09    	53.8191	67 	9  	5.05684 
203	7.6224   	526849     	2.65371e+08	0.00755368	1.18088e+07	53.7679	68 	9  	5.2281  
204	7.43931  	254620     	1.25389e+08	0.00755368	5.57553e+06	53.2911	67 	2  	5.28555 
205	7.36037  	4.48027e+06	2.16661e+09	0.00752861	9.63162e+07	52.8953	67 	1  	6.95688 
206	7.47921  	168.754    	35938.2    	0.00752861	1830.29    	53.5069	68 	36 	5.18204 
207	7.48602  	213128     	1.04144e+08	0.00752861	4.61789e+06	53.4941	67 	36 	5.23446 
208	7.4391   	1.30597e+06	4.16633e+08	0.00752861	2.14509e+07	53.7033	67 	3  	6.86041 
209	7.45201  	4.12856e+06	1.67176e+09	0.00752861	7.63534e+07	53.9922	67 	9  	6.62999 
210	7.49513  	64746.2    	2.82389e+07	0.00752861	1.2641e+06 	54.1683	68 	2  	7.74237 
211	7.53222  	1.80889e+06	4.181e+08  	0.00749372	2.63291e+07	54.4883	68 	2  	7.05723 
212	7.51684  	865712     	3.69896e+08	0.00749372	1.66109e+07	54.0546	68 	2  	6.65122 
213	7.60873  	720346     	3.69893e+08	0.00740997	1.62994e+07	54.1907	68 	39 	6.22898 
214	7.61761  	841151     	4.32978e+08	0.00749372	1.90608e+07	54.0097	68 	9  	6.51197 
215	7.47524  	7.98413e+07	4.11941e+10	0.00746013	1.81171e+09	53.3236	68 	11 	5.74506 
216	7.41353  	8258.85    	2.80841e+06	0.00746013	137389     	52.882 	68 	39 	5.23228 
217	7.35437  	6771.96    	3.3187e+06 	0.00746013	145707     	52.8243	68 	9  	5.96143 
218	7.38731  	797335     	3.97411e+08	0.00746013	1.74405e+07	52.7688	68 	1  	6.66053 
219	7.25778  	921179     	4.32982e+08	0.00746013	1.90612e+07	51.7712	68 	39 	5.75957 
220	7.135    	1310.95    	411026     	0.00742907	19514.5    	51.3148	68 	39 	6.25227 
221	6.88803  	1.47469e+06	7.69755e+08	0.00742907	3.3659e+07 	49.7567	68 	2  	6.47928 
222	6.67916  	3117.44    	1.52775e+06	0.00742907	66769.2    	48.9216	68 	9  	6.82838 
223	6.53546  	947413     	4.96091e+08	0.00742907	2.16511e+07	48.4351	68 	4  	7.13699 
224	6.44206  	8845.82    	4.06275e+06	0.00742661	177534     	48.5276	67 	12 	6.31594 
225	6.42005  	47501.5    	2.18457e+07	0.00739457	957590     	48.7681	67 	38 	6.32391 
226	6.55015  	15518.8    	5.59241e+06	0.00739457	264032     	49.5655	68 	1  	7.74051 
227	6.87347  	19348.2    	6.67259e+06	0.00739457	319582     	51.1951	68 	9  	7.25156 
228	7.39872  	2.56769e+06	4.98893e+08	0.00739457	3.4128e+07 	53.0888	68 	3  	7.26527 
229	8.09618  	4.42428e+09	2.34486e+12	0.00739417	1.01758e+11	54.9943	68 	9  	6.3256  
230	8.43626  	880746     	4.6685e+08 	0.00739267	2.02404e+07	56.0339	68 	6  	6.34201 
231	8.62694  	787083     	4.13792e+08	0.00739092	1.79241e+07	56.4981	68 	31 	5.0197  
232	8.88203  	233383     	6.43025e+07	0.00739092	3.76995e+06	56.666 	68 	38 	4.4986  
233	8.95061  	279.61     	52632.8    	0.00738244	2846.18    	56.2659	68 	2  	5.3363  
234	8.87552  	164.803    	54235.6    	0.00736832	2453.65    	55.7196	68 	9  	5.84887 
235	9.05058  	990927     	4.3566e+08 	0.00736832	1.92204e+07	55.9627	68 	1  	5.17839 
236	9.15412  	2744.78    	1.37932e+06	0.00736832	59500.1    	56.5587	68 	35 	4.33435 
237	9.1834   	125.274    	12000.2    	0.00736832	1002.63    	56.4405	68 	2  	5.71514 
238	9.16826  	602814     	2.8598e+08 	0.00736832	1.23659e+07	56.9499	68 	1  	6.39278 
239	9.38839  	551035     	1.09619e+08	0.00734595	7.44209e+06	57.3907	67 	12 	5.06084 
240	9.47224  	374.468    	150711     	0.00734595	6517.95    	57.5231	68 	1  	5.30911 
241	9.50947  	722680     	3.9038e+08 	0.00733967	1.67527e+07	57.6273	68 	2  	4.89459 
242	9.6885   	768500     	4.08297e+08	0.00726233	1.7509e+07 	58.256 	68 	39 	3.263   
243	9.6195   	212307     	1.15377e+08	0.00726233	4.9422e+06 	58.329 	68 	39 	3.14599 
244	9.448    	212162     	1.13564e+08	0.00726233	4.86069e+06	57.9963	68 	33 	3.334   
245	9.43692  	3.05892e+06	4.21634e+08	0.00725339	3.49456e+07	57.826 	68 	3  	4.56425 
246	9.27424  	754195     	4.05053e+08	0.00725339	1.73046e+07	57.7678	68 	5  	5.35359 
247	9.28207  	1.47805e+06	4.05838e+08	0.00725339	2.40143e+07	58.2792	68 	12 	4.69747 
248	9.37945  	39560.2    	1.86116e+07	0.00725339	803842     	58.9672	68 	9  	4.76313 
249	9.33185  	1.34432e+06	5.27364e+08	0.00725291	2.41983e+07	59.5982	68 	3  	4.67998 
250	9.25647  	709321     	3.90362e+08	0.00724881	1.66148e+07	59.8875	68 	11 	4.94563 
251	9.00011  	2396.47    	1.22027e+06	0.00720679	51925      	59.6576	68 	1  	7.07776 
252	9.29584  	851317     	4.67685e+08	0.00720679	1.98702e+07	60.5009	68 	1  	5.67254 
253	9.05661  	182538     	1.00107e+08	0.00724256	4.24942e+06	60.3177	68 	1  	6.07773 
254	9.10586  	810721     	4.4992e+08 	0.00723906	1.90808e+07	60.5514	68 	11 	5.21282 
255	9.12006  	1.08346e+06	4.88052e+08	0.00719691	2.12266e+07	60.2104	68 	2  	6.19154 
256	9.34961  	3.53331e+06	1.20381e+09	0.00718895	5.59462e+07	60.5763	68 	6  	5.22973 
257	9.38222  	490.503    	192788     	0.00718895	8364.29    	60.2724	67 	11 	5.245   
258	9.44065  	423568     	1.57793e+08	0.00718895	7.32228e+06	60.3041	68 	11 	4.68895 
259	9.43294  	144055     	6.23994e+07	0.00639717	2.7248e+06 	60.2554	67 	11 	4.68022 
260	9.46958  	872.121    	402301     	0.00639717	17070      	60.5187	68 	11 	4.84705 
261	9.54664  	4660.21    	2.43907e+06	0.00639717	102833     	61.0338	67 	21 	4.40809 
262	9.61812  	459783     	2.58578e+08	0.00639717	1.0888e+07 	60.492 	68 	11 	6.23043 
263	9.77283  	1.13741e+10	6.41438e+12	0.00639717	2.69855e+11	60.9025	68 	35 	5.86274 
264	9.89315  	796414     	4.49889e+08	0.00639637	1.89102e+07	60.9027	68 	11 	6.04433 
265	9.88981  	9937.82    	3.14716e+06	0.00639536	166665     	60.1042	68 	3  	6.16339 
266	9.5307   	941975     	5.32163e+08	0.00639536	2.23289e+07	58.3192	68 	2  	6.75539 
267	9.10961  	60855.7    	3.36481e+07	0.00626178	1.41073e+06	56.5599	68 	1  	5.66991 
268	8.96117  	3.71144e+07	2.06681e+10	0.00626178	8.65862e+08	55.6766	68 	11 	4.85004 
269	9.09774  	272.905    	109667     	0.0062375 	4734.16    	55.4123	68 	11 	5.12786 
270	9.04587  	18245.9    	5.20847e+06	0.00560906	304308     	54.9877	67 	1  	5.69187 
271	9.03711  	2.40883e+06	8.52376e+08	0.00560902	4.17848e+07	54.9073	68 	2  	4.90541 
272	9.10792  	3.47695e+07	1.85505e+10	0.00560902	7.75474e+08	54.6562	68 	4  	4.81041 
273	9.15244  	1.27351e+06	7.30823e+08	0.00560818	3.04774e+07	54.385 	68 	5  	6.43541 
274	9.1916   	957402     	5.48628e+08	0.00560818	2.28595e+07	54.8887	68 	1  	6.82819 
275	9.06946  	1.39676e+06	5.08927e+08	0.00556416	2.4473e+07 	55.4948	68 	6  	7.32836 
276	9.38316  	284.419    	46227.9    	0.00556416	2919.59    	57.3397	68 	39 	7.36583 
277	9.84348  	1.67854e+07	9.56563e+09	0.00556416	3.97564e+08	60.5173	68 	1  	6.83193 
278	10.3087  	2.28537e+06	1.18557e+09	0.00556412	4.9549e+07 	62.5302	68 	39 	4.6442  
279	10.5656  	1.00009e+06	5.50593e+08	0.00552272	2.28689e+07	62.8983	68 	11 	5.07852 
280	10.5162  	1852.01    	964035     	0.00552272	40002.6    	62.7676	68 	3  	5.46521 
281	10.5446  	6.37707e+07	3.71124e+10	0.00552272	1.53703e+09	62.7251	68 	3  	5.49727 
282	10.6579  	50900.5    	2.93013e+07	0.00552272	1.21253e+06	62.8045	68 	11 	5.54936 
283	10.5559  	72451.3    	4.21074e+07	0.00552268	1.74092e+06	62.8921	68 	2  	4.85689 
284	10.5027  	700366     	2.76934e+08	0.00551734	1.26746e+07	63.1812	68 	19 	4.13879 
285	10.454   	2.62739e+07	1.53964e+10	0.00548531	6.35476e+08	62.7338	68 	11 	5.05642 
286	10.6227  	268124     	1.32093e+08	0.00548531	5.53144e+06	63.138 	68 	11 	4.63521 
287	10.4275  	1.49121e+06	5.92622e+08	0.00548513	2.55411e+07	62.6259	68 	2  	5.60061 
288	10.4041  	21646.9    	1.27012e+07	0.00548513	522896     	62.5908	68 	11 	4.87925 
289	10.3262  	2040.06    	693846     	0.00548504	31171.3    	61.8729	68 	11 	5.42272 
290	10.3245  	6.11496e+09	3.61333e+12	0.00548504	1.48507e+11	61.3096	68 	1  	5.76681 
291	10.292   	8751.6     	5.03444e+06	0.00545289	206745     	60.6267	68 	11 	5.57996 
292	10.4942  	846303     	1.79282e+08	0.00540745	1.09439e+07	60.2496	68 	6  	5.53436 
293	10.7867  	336.088    	63528.6    	0.00540745	3530.98    	59.8266	68 	38 	5.31802 
294	10.8789  	429084     	1.27601e+08	0.00540745	7.38549e+06	59.0437	68 	38 	5.47367 
295	10.9274  	279.869    	78082.1    	0.0053964 	4090.7     	58.7383	68 	5  	5.50917 
296	10.8348  	8793.43    	3.5951e+06 	0.0053964 	160176     	58.8409	68 	44 	5.07001 
297	10.8594  	847.676    	395750     	0.00538415	16313.8    	59.3562	68 	1  	6.5512  
298	10.8892  	133048     	7.95847e+07	0.00538415	3.24902e+06	59.5876	68 	5  	5.38147 
299	10.7829  	974607     	5.3989e+08 	0.00538415	2.20663e+07	59.505 	68 	3  	5.40401 